-- phpMyAdmin SQL Dump
-- version 5.2.1
-- https://www.phpmyadmin.net/
--
-- Host: 127.0.0.1
-- Generation Time: Sep 09, 2025 at 06:59 AM
-- Server version: 10.4.28-MariaDB
-- PHP Version: 8.2.12

SET SQL_MODE = "NO_AUTO_VALUE_ON_ZERO";
START TRANSACTION;
SET time_zone = "+00:00";


/*!40101 SET @OLD_CHARACTER_SET_CLIENT=@@CHARACTER_SET_CLIENT */;
/*!40101 SET @OLD_CHARACTER_SET_RESULTS=@@CHARACTER_SET_RESULTS */;
/*!40101 SET @OLD_COLLATION_CONNECTION=@@COLLATION_CONNECTION */;
/*!40101 SET NAMES utf8mb4 */;

--
-- Database: `beauty_salon`
--

-- --------------------------------------------------------

--
-- Table structure for table `appointments`
--

CREATE TABLE `appointments` (
  `id` int(11) NOT NULL,
  `customer_id` int(11) NOT NULL,
  `service_id` int(11) NOT NULL,
  `staff_id` int(11) NOT NULL,
  `appointment_date` date DEFAULT NULL,
  `appointment_time` time DEFAULT NULL,
  `status` int(11) NOT NULL,
  `request` text DEFAULT NULL,
  `created_at` timestamp NULL DEFAULT current_timestamp(),
  `updated_at` timestamp NULL DEFAULT current_timestamp(),
  `selected_service_ids` text NOT NULL,
  `selected_service_names` text NOT NULL
) ENGINE=MyISAM DEFAULT CHARSET=utf8mb4 COLLATE=utf8mb4_general_ci;

--
-- Dumping data for table `appointments`
--

INSERT INTO `appointments` (`id`, `customer_id`, `service_id`, `staff_id`, `appointment_date`, `appointment_time`, `status`, `request`, `created_at`, `updated_at`, `selected_service_ids`, `selected_service_names`) VALUES
(129, 80, 0, 19, '2025-09-03', '16:00:00', 3, 'ddddd', '2025-09-02 05:25:00', '2025-09-02 05:25:00', '11', 'ရိုးရိုးလျှော်'),
(127, 80, 0, 17, '2025-09-02', '16:00:00', 3, 'tyuu', '2025-09-01 07:35:16', '2025-09-01 07:35:16', '12,36', 'အပေါ်ပိုင်းနှိပ်လျော်, လက်သည်းဆက်ခြင်း'),
(126, 63, 0, 36, '2025-09-02', '16:00:00', 3, 'eeetttt', '2025-09-01 07:30:40', '2025-09-01 07:30:40', '11,49,37', 'ရိုးရိုးလျှော်, Lip tattoo, လက်သည်း(အတုကပ်)'),
(128, 79, 0, 29, '2025-09-02', '16:00:00', 3, 'hhhj', '2025-09-01 10:55:54', '2025-09-01 10:55:54', '11', 'ရိုးရိုးလျှော်'),
(125, 80, 0, 29, '2025-09-30', '16:00:00', 3, 'tttt', '2025-09-01 05:21:12', '2025-09-01 05:21:12', '13', 'တစ်ကိုယ်လုံးနှိပ်လျော်'),
(122, 79, 0, 19, '2025-09-01', '16:00:00', 3, 'သေချာလေးလျှော်ပေးပါ', '2025-08-31 04:43:12', '2025-08-31 04:43:12', '15', 'လျှော်ညှပ်(အရှည်)'),
(123, 80, 0, 30, '2025-09-01', '16:00:00', 3, 'သေချာလေး လုပ်ပေးပါ', '2025-09-01 04:23:38', '2025-09-01 04:23:38', '51', 'မျက်တောင်ဆက် / မျက်တောင်ကောက်'),
(124, 79, 0, 2, '2025-09-01', '16:00:00', 3, 'ssfff', '2025-09-01 04:30:30', '2025-09-01 04:30:30', '12', 'အပေါ်ပိုင်းနှိပ်လျော်'),
(120, 77, 0, 30, '2025-08-30', '14:21:00', 3, 'sfsfsgdg', '2025-08-29 07:52:16', '2025-08-29 07:52:16', '12,11', 'အပေါ်ပိုင်းနှိပ်လျော်, ရိုးရိုးလျှော်'),
(118, 77, 0, 30, '2025-08-30', '16:01:00', 3, 'gfg', '2025-08-29 07:37:46', '2025-08-29 07:37:46', '15', 'လျှော်ညှပ်(အရှည်)'),
(119, 77, 0, 30, '2025-08-30', '16:01:00', 0, 'vjkdgtgysy', '2025-08-29 07:38:54', '2025-08-29 07:38:54', '13,12', 'တစ်ကိုယ်လုံးနှိပ်လျော်, အပေါ်ပိုင်းနှိပ်လျော်'),
(115, 77, 0, 30, '2025-08-29', '14:51:00', 0, 'dfgr', '2025-08-29 06:19:52', '2025-08-29 06:19:52', '13', 'တစ်ကိုယ်လုံးနှိပ်လျော်'),
(116, 77, 0, 30, '2025-08-30', '16:01:00', 2, 'sffaqwrtgq', '2025-08-29 07:31:53', '2025-08-29 07:31:53', '13,12', 'တစ်ကိုယ်လုံးနှိပ်လျော်, အပေါ်ပိုင်းနှိပ်လျော်'),
(117, 77, 0, 30, '2025-08-30', '16:01:00', 3, 'guibkvjukv', '2025-08-29 07:33:50', '2025-08-29 07:33:50', '13', 'တစ်ကိုယ်လုံးနှိပ်လျော်'),
(114, 77, 0, 36, '2025-08-28', '15:43:00', 3, 'သေချာလေးပြင်ပေးရန်', '2025-08-27 07:13:32', '2025-08-27 07:13:32', '11', 'ရိုးရိုးလျှော်'),
(112, 79, 0, 19, '2025-08-27', '09:45:00', 3, 'သေချာလေး ဂရုစိုက်ပေးပါ', '2025-08-26 14:14:26', '2025-08-26 14:14:26', '44', 'အရေးအကြောင်းထိန်းသိမ်းကုသ'),
(113, 77, 0, 17, '2025-08-27', '10:49:00', 0, 'လှလှလေးပြင်ပေးပါ', '2025-08-26 14:20:28', '2025-08-26 14:20:28', '51', 'မျက်တောင်ဆက် / မျက်တောင်ကောက်'),
(111, 79, 0, 30, '2025-08-27', '09:39:00', 3, 'သေချာလေးနှိပ်နယ်ပေးရန်', '2025-08-26 14:09:51', '2025-08-26 14:09:51', '13', 'တစ်ကိုယ်လုံးနှိပ်လျော်'),
(110, 80, 0, 36, '2025-08-21', '19:30:00', 1, 'လှလှလေးလုပ်ပေးပါ', '2025-08-21 10:59:11', '2025-08-21 10:59:11', '12,51', 'အပေါ်ပိုင်းနှိပ်လျော်, မျက်တောင်ဆက် / မျက်တောင်ကောက်'),
(107, 77, 0, 2, '2025-08-21', '17:00:00', 1, 'လှလှလေးလုပ်ပေးပါ', '2025-08-21 10:27:59', '2025-08-21 10:27:59', '13,37', 'တစ်ကိုယ်လုံးနှိပ်လျော်, လက်သည်း(အတုကပ်)'),
(108, 78, 0, 29, '2025-08-21', '18:00:00', 1, 'ဒီဝန်ထမ်းနဲ့ပဲလုပ်ဆောင်ပါမည်', '2025-08-21 10:38:19', '2025-08-21 10:38:19', '11,42', 'ရိုးရိုးလျှော်, မျက်နှာရေဓာတ်ဖြည့်'),
(109, 79, 0, 29, '2025-08-21', '18:30:00', 1, 'လှလှလေးလုပ်ပေးပါ', '2025-08-21 10:56:53', '2025-08-21 10:56:53', '14,50', 'လျှော်ညှပ်(အတို), Eyeliner Tattoo'),
(130, 65, 0, 19, '2025-09-03', '11:00:00', 0, 'ျိ်ိျ', '2025-09-02 09:30:04', '2025-09-02 09:30:04', '13', 'တစ်ကိုယ်လုံးနှိပ်လျော်');

-- --------------------------------------------------------

--
-- Table structure for table `payments`
--

CREATE TABLE `payments` (
  `id` int(11) NOT NULL,
  `appointment_id` int(11) NOT NULL,
  `promotion_id` int(11) DEFAULT NULL,
  `amount` int(11) NOT NULL,
  `payment_method_id` int(11) NOT NULL,
  `payment_date` date DEFAULT NULL,
  `user_account` varchar(200) DEFAULT NULL,
  `phone_number` varchar(50) DEFAULT NULL,
  `created_at` timestamp NULL DEFAULT current_timestamp(),
  `updated_at` timestamp NULL DEFAULT current_timestamp()
) ENGINE=MyISAM DEFAULT CHARSET=utf8mb4 COLLATE=utf8mb4_general_ci;

--
-- Dumping data for table `payments`
--

INSERT INTO `payments` (`id`, `appointment_id`, `promotion_id`, `amount`, `payment_method_id`, `payment_date`, `user_account`, `phone_number`, `created_at`, `updated_at`) VALUES
(66, 108, NULL, 45600, 2, '0000-00-00', 'Admin', '09457688317', '2025-08-21 10:39:20', '2025-08-21 10:39:20'),
(65, 107, NULL, 20000, 1, '0000-00-00', 'Admin', '09457688317', '2025-08-21 10:35:32', '2025-08-21 10:35:32'),
(64, 102, NULL, 6400, 1, '0000-00-00', 'Admin', '09457688317', '2025-08-20 14:26:07', '2025-08-20 14:26:07'),
(63, 101, NULL, 5600, 8, '0000-00-00', 'Admin', '09457688317', '2025-08-20 14:11:31', '2025-08-20 14:11:31'),
(34, 0, NULL, 12800, 1, '2025-08-14', '', '', '2025-08-14 01:11:03', '2025-08-14 01:11:03'),
(62, 98, NULL, 20000, 1, '0000-00-00', 'Admin', '09457688317', '2025-08-14 01:08:21', '2025-08-14 01:08:21'),
(33, 0, NULL, 72000, 1, '2025-08-14', '', '', '2025-08-13 18:57:55', '2025-08-13 18:57:55'),
(61, 97, NULL, 14400, 1, '0000-00-00', 'Admin', '09457688317', '2025-08-13 18:04:50', '2025-08-13 18:04:50'),
(60, 95, NULL, 24000, 1, '0000-00-00', 'Admin', '09457688317', '2025-08-13 15:33:31', '2025-08-13 15:33:31'),
(59, 94, NULL, 94400, 1, '0000-00-00', 'Admin', '09457688317', '2025-08-13 15:29:49', '2025-08-13 15:29:49'),
(58, 86, NULL, 14400, 1, '0000-00-00', 'Admin', '09457688317', '2025-08-13 15:21:14', '2025-08-13 15:21:14'),
(56, 87, NULL, 78400, 7, '0000-00-00', 'Admin', '09457688317', '2025-08-13 15:19:07', '2025-08-13 15:19:07'),
(57, 88, NULL, 8000, 1, '0000-00-00', 'Admin', '09457688317', '2025-08-13 15:19:36', '2025-08-13 15:19:36'),
(55, 92, NULL, 62400, 2, '0000-00-00', 'Admin', '09457688317', '2025-08-13 15:18:02', '2025-08-13 15:18:02'),
(54, 93, NULL, 60800, 1, '0000-00-00', 'Admin', '09457688317', '2025-08-13 15:16:49', '2025-08-13 15:16:49'),
(32, 0, NULL, 45000, 1, '2025-03-12', '', '', '2025-08-12 20:55:31', '2025-08-12 20:55:31'),
(30, 0, NULL, 24000, 7, '2025-08-13', '', '', '2025-08-12 19:01:26', '2025-08-12 19:01:26'),
(29, 0, NULL, 33600, 1, '2025-08-13', '', '', '2025-08-12 18:56:27', '2025-08-12 18:56:27'),
(28, 0, NULL, 25600, 1, '2025-08-13', '', '', '2025-08-12 18:55:09', '2025-08-12 18:55:09'),
(53, 81, NULL, 88000, 2, '0000-00-00', 'Admin', '09457688317', '2025-08-12 18:07:04', '2025-08-12 18:07:04'),
(52, 82, NULL, 6400, 2, '0000-00-00', 'Admin', '09457688317', '2025-08-12 18:00:54', '2025-08-12 18:00:54'),
(67, 110, NULL, 49600, 2, '0000-00-00', 'Admin', '09457688317', '2025-08-21 10:59:42', '2025-08-21 10:59:42'),
(68, 109, NULL, 86400, 1, '0000-00-00', 'Admin', '09457688317', '2025-08-21 10:59:55', '2025-08-21 10:59:55');

-- --------------------------------------------------------

--
-- Table structure for table `payment_method`
--

CREATE TABLE `payment_method` (
  `id` int(11) NOT NULL,
  `name` varchar(100) NOT NULL,
  `image` varchar(255) DEFAULT NULL,
  `user_acc` varchar(200) DEFAULT NULL,
  `ph_no` varchar(200) DEFAULT NULL,
  `status` tinyint(1) NOT NULL DEFAULT 1
) ENGINE=MyISAM DEFAULT CHARSET=utf8mb4 COLLATE=utf8mb4_general_ci;

--
-- Dumping data for table `payment_method`
--

INSERT INTO `payment_method` (`id`, `name`, `image`, `user_acc`, `ph_no`, `status`) VALUES
(1, 'K pay', '1754501344_download.png', 'Admin', '09457688317', 1),
(2, 'Wave Pay', '1755102916_download (11).jfif', 'Admin', '09457688317', 1);

-- --------------------------------------------------------

--
-- Table structure for table `products`
--

CREATE TABLE `products` (
  `id` int(11) NOT NULL,
  `category_id` int(11) DEFAULT NULL,
  `name` varchar(100) NOT NULL,
  `description` text DEFAULT NULL,
  `price` int(11) NOT NULL,
  `img` text NOT NULL,
  `created_at` timestamp NULL DEFAULT current_timestamp(),
  `updated_at` timestamp NULL DEFAULT current_timestamp()
) ENGINE=MyISAM DEFAULT CHARSET=utf8mb4 COLLATE=utf8mb4_general_ci;

--
-- Dumping data for table `products`
--

INSERT INTO `products` (`id`, `category_id`, `name`, `description`, `price`, `img`, `created_at`, `updated_at`) VALUES
(14, 1, 'Palmolive Shampoo', 'ဆံပင်ရှင်းရခက်သူများအတွက်သင့်လျော်ပါသည်။', 15000, '68939817aff77S2.jfif', '2025-08-06 17:59:51', '2025-08-06 17:59:51'),
(13, 1, 'Lily Shampoo', 'ဆံပင်အဖျားနှစ်ခွဖြစ်သူများအတွက်သင့်လျော်ပါသည်။', 16000, '689397e033e416044777c81a5fda8db26e7f9cd5b7fd7.jpg_720x720q80.jpg', '2025-08-06 17:58:56', '2025-08-06 17:58:56'),
(12, 1, 'Fino Shampoo', 'ဆံသားကိုအရှည်မြန်ပြီး ဝိတ်ရှိစေသည်။', 24000, '6893978e163efa-4-600x693.jpg', '2025-08-06 17:57:34', '2025-08-06 17:57:34'),
(15, 1, 'Loreal Shampoo', 'ဆံကေသာကို 72 နာရီကြာအစိုဓာတ်ထိန်းပေးပါသည်။', 40000, '6893985178dc5S5.jpg', '2025-08-06 18:00:49', '2025-08-06 18:00:49'),
(16, 1, 'Yoon Skin Shampoo', 'ဆံပင်ကျွတ်တာကိုသက်သာစေသည်။', 30000, '68939934662b7S6.jpg', '2025-08-06 18:04:36', '2025-08-06 18:04:36'),
(17, 1, 'Lily Shampoo', 'ဆံသားကိုပျော့ပြောင်းစေသည်။', 16000, '689399a7781c4c1afed6b83f07da0340e5cd74fcd326e.jpg', '2025-08-06 18:06:31', '2025-08-06 18:06:31'),
(22, 2, 'Fino Conditioner', 'ဆံပင်ကျွတ်တာကိုသက်သာစေသည်။', 18000, '68941c7a4bae5fino1.jpg', '2025-08-07 03:24:42', '2025-08-07 03:24:42'),
(23, 2, 'Mirror Conditioner', 'ဆံသားကိုနူးညံ့ပျော့ပြောင်းစေသည်။', 15000, '68941ccde53b8542904b11b8a5c49d4322b7180f20c99.jpg_720x720q80.jpg', '2025-08-07 03:26:05', '2025-08-07 03:26:05'),
(24, 2, 'X Cute Me Conditioner', 'နေလောင်ထားသောဆံသားများအတွက်သင့်လျော်သည်။', 13000, '68941cf6b950c11211147-1.jpg', '2025-08-07 03:26:46', '2025-08-07 03:26:46'),
(25, 2, 'BSC  Conditioner', 'ဆံပင်အဖျားနှစ်ခွဖြစ်တာများကိုသက်သာစေသည်။', 15000, '68941d3f167316-scaled.jpg', '2025-08-07 03:27:59', '2025-08-07 03:27:59'),
(30, 3, 'STREAX', 'ဆံသားကိုအရှည်မြန်ပြီး ဝိတ်ရှိစေသည်။ကို', 12000, '689420e02b8dc61+hry7xIuL._SL1500_.jpg', '2025-08-07 03:43:28', '2025-08-07 03:43:28'),
(29, 3, 'STREAX ', 'ဆံသားကိုနူးညံ့ပျော့ပြောင်းစေသည်။', 12000, '689420b31e57892fbea46-a4ae-4a24-9f90-8d2257a408d21733308150838-Streax-Hair-Serum-Vitalised-with-Walnut-Oil-45ml-61917333081-1.jpg', '2025-08-07 03:42:43', '2025-08-07 03:42:43'),
(28, 3, 'Silu Gold Liquid', 'ဆံပင်ကျွတ်တာကို သက်သာစေသည်။', 6000, '68942048165c31EowRqiH6OTaKxn7lZG6RH1R5godaBbSy.jpg', '2025-08-07 03:40:56', '2025-08-07 03:40:56'),
(31, 3, 'Silk Coat', 'နေလောင်ထားသောဆံသားများအတွက်သင့်လျော်သည်။', 6000, '6894210beb19c179051.jpg', '2025-08-07 03:44:11', '2025-08-07 03:44:11'),
(32, 3, 'BSC Serum', 'ဆံပင်အဖျားနှစ်ခွဖြစ်တာများကိုသက်သာစေသည်။', 8000, '6894215f44183bsc_hairserumyuzuextract600x600.jpg', '2025-08-07 03:45:35', '2025-08-07 03:45:35'),
(38, 1, 'Volume Care Shampoo', 'ဆံပင်အုံပါးသောသူများအတွက်သင့်လျော်သည်။', 42000, '689a1d4f2ee8avc.png', '2025-08-11 16:41:51', '2025-08-11 16:41:51'),
(37, 1, 'Damage Care ', 'ပျက်စီးနေတဲ့ဆံသားများအတွက်သင့်လျော်သည်။', 42000, '689a1bf6a4558dc.png', '2025-08-11 16:36:06', '2025-08-11 16:36:06'),
(39, 1, 'Scalp Care Shampoo', 'ဦးရေပြားအဆီပြန်ပြီးဗောက်ထတာကိုသက်သာစေသည်။', 42000, '689a1ece5c426sc.jpeg', '2025-08-11 16:48:14', '2025-08-11 16:48:14'),
(41, 1, 'Makarizo Shampoo', 'ပျက်စီးနေသောဆံသားကိုပြန်လည်ကျန်းမာစေသည်။', 15000, '689a2117f0098makarizo.png', '2025-08-11 16:57:59', '2025-08-11 16:57:59'),
(42, 2, 'Collagen Hair Mask', 'ပျက်စီးနေသောဆံသားများပြန်လည်ကောင်းမွန်လာစေသည်။', 17000, '689a23c60fb30viber_image_2023-10-21_09-55-52-706-600x823.jpg', '2025-08-11 17:09:26', '2025-08-11 17:09:26');

-- --------------------------------------------------------

--
-- Table structure for table `product_categories`
--

CREATE TABLE `product_categories` (
  `id` int(11) NOT NULL,
  `name` varchar(100) NOT NULL,
  `description` text DEFAULT NULL,
  `created_at` timestamp NULL DEFAULT current_timestamp(),
  `updated_at` timestamp NULL DEFAULT current_timestamp()
) ENGINE=MyISAM DEFAULT CHARSET=utf8mb4 COLLATE=utf8mb4_general_ci;

--
-- Dumping data for table `product_categories`
--

INSERT INTO `product_categories` (`id`, `name`, `description`, `created_at`, `updated_at`) VALUES
(1, 'ခေါင်းလျော်ရည်', NULL, '2025-08-06 17:13:45', '2025-08-06 17:13:45'),
(2, 'ဆံပင်ပေါင်းဆေး', NULL, '2025-08-06 17:13:45', '2025-08-06 17:13:45'),
(3, 'ခေါင်းလိမ်းဆီ', NULL, '2025-08-06 17:13:45', '2025-08-06 17:13:45');

-- --------------------------------------------------------

--
-- Table structure for table `product_qty`
--

CREATE TABLE `product_qty` (
  `id` int(11) NOT NULL,
  `product_id` int(11) NOT NULL,
  `qty` int(11) NOT NULL,
  `created_at` timestamp NULL DEFAULT current_timestamp(),
  `updated_at` timestamp NULL DEFAULT current_timestamp()
) ENGINE=MyISAM DEFAULT CHARSET=utf8mb4 COLLATE=utf8mb4_general_ci;

--
-- Dumping data for table `product_qty`
--

INSERT INTO `product_qty` (`id`, `product_id`, `qty`, `created_at`, `updated_at`) VALUES
(1, 4, 14, '2025-08-06 17:10:35', '2025-08-06 17:10:35'),
(2, 8, 46, '2025-08-06 17:10:35', '2025-08-06 17:10:35'),
(3, 10, 25, '2025-08-06 17:10:35', '2025-08-06 17:10:35'),
(4, 1, 50, '2025-08-06 17:10:35', '2025-08-06 17:10:35'),
(5, 2, 35, '2025-08-06 17:10:35', '2025-08-06 17:10:35'),
(6, 7, 11, '2025-08-06 17:10:35', '2025-08-06 17:10:35'),
(7, 2, 43, '2025-08-06 17:10:35', '2025-08-06 17:10:35'),
(8, 8, 15, '2025-08-06 17:10:35', '2025-08-06 17:10:35'),
(9, 8, 40, '2025-08-06 17:10:35', '2025-08-06 17:10:35'),
(10, 6, 28, '2025-08-06 17:10:35', '2025-08-06 17:10:35'),
(11, 6, 14, '2025-08-06 17:13:45', '2025-08-06 17:13:45'),
(12, 9, 36, '2025-08-06 17:13:45', '2025-08-06 17:13:45'),
(13, 3, 27, '2025-08-06 17:13:45', '2025-08-06 17:13:45'),
(14, 10, 10, '2025-08-06 17:13:45', '2025-08-06 17:13:45'),
(15, 1, 19, '2025-08-06 17:13:45', '2025-08-06 17:13:45'),
(16, 10, 40, '2025-08-06 17:13:45', '2025-08-06 17:13:45'),
(17, 7, 41, '2025-08-06 17:13:45', '2025-08-06 17:13:45'),
(18, 4, 22, '2025-08-06 17:13:45', '2025-08-06 17:13:45'),
(19, 4, 16, '2025-08-06 17:13:45', '2025-08-06 17:13:45'),
(20, 10, 11, '2025-08-06 17:13:45', '2025-08-06 17:13:45'),
(21, 11, 30, '2025-08-06 17:53:00', '2025-08-06 17:53:00'),
(22, 12, 28, '2025-08-06 17:57:34', '2025-08-06 17:57:34'),
(23, 13, 30, '2025-08-06 17:58:56', '2025-08-06 17:58:56'),
(24, 14, 20, '2025-08-06 17:59:51', '2025-08-06 17:59:51'),
(25, 15, 26, '2025-08-06 18:00:49', '2025-08-06 18:00:49'),
(26, 16, 16, '2025-08-06 18:04:36', '2025-08-06 18:04:36'),
(27, 17, 13, '2025-08-06 18:06:31', '2025-08-06 18:06:31'),
(28, 18, 20, '2025-08-06 18:09:24', '2025-08-06 18:09:24'),
(29, 19, 20, '2025-08-06 18:14:52', '2025-08-06 18:14:52'),
(30, 20, 20, '2025-08-06 18:18:31', '2025-08-06 18:18:31'),
(31, 21, 20, '2025-08-07 03:21:26', '2025-08-07 03:21:26'),
(32, 22, 30, '2025-08-07 03:24:42', '2025-08-07 03:24:42'),
(33, 23, 39, '2025-08-07 03:26:05', '2025-08-07 03:26:05'),
(34, 24, 40, '2025-08-07 03:26:46', '2025-08-07 03:26:46'),
(35, 25, 44, '2025-08-07 03:27:59', '2025-08-07 03:27:59'),
(36, 26, 30, '2025-08-07 03:31:52', '2025-08-07 03:31:52'),
(37, 27, 30, '2025-08-07 03:36:25', '2025-08-07 03:36:25'),
(38, 28, 25, '2025-08-07 03:40:56', '2025-08-07 03:40:56'),
(39, 29, 40, '2025-08-07 03:42:43', '2025-08-07 03:42:43'),
(40, 30, 30, '2025-08-07 03:43:28', '2025-08-07 03:43:28'),
(41, 31, 30, '2025-08-07 03:44:11', '2025-08-07 03:44:11'),
(42, 32, 38, '2025-08-07 03:45:35', '2025-08-07 03:45:35'),
(43, 33, 30, '2025-08-07 03:47:07', '2025-08-07 03:47:07'),
(44, 34, 40, '2025-08-07 03:48:32', '2025-08-07 03:48:32'),
(45, 35, 10, '2025-08-11 15:41:38', '2025-08-11 15:41:38'),
(46, 36, 30, '2025-08-11 15:50:16', '2025-08-11 15:50:16'),
(47, 37, 29, '2025-08-11 16:36:06', '2025-08-11 16:36:06'),
(48, 38, 30, '2025-08-11 16:41:51', '2025-08-11 16:41:51'),
(49, 39, 28, '2025-08-11 16:48:14', '2025-08-11 16:48:14'),
(50, 40, 30, '2025-08-11 16:53:36', '2025-08-11 16:53:36'),
(51, 41, 30, '2025-08-11 16:57:59', '2025-08-11 16:57:59'),
(52, 42, 30, '2025-08-11 17:09:26', '2025-08-11 17:09:26'),
(53, 43, 30, '2025-08-13 18:48:23', '2025-08-13 18:48:23'),
(54, 44, 30, '2025-08-14 01:05:58', '2025-08-14 01:05:58');

-- --------------------------------------------------------

--
-- Table structure for table `product_sales`
--

CREATE TABLE `product_sales` (
  `id` int(11) NOT NULL,
  `product_id` int(11) NOT NULL,
  `promotion_id` int(11) DEFAULT NULL,
  `payment_method_id` int(11) NOT NULL,
  `qty` int(11) NOT NULL,
  `total_price` int(11) NOT NULL,
  `sale_date` date DEFAULT NULL,
  `created_at` timestamp NULL DEFAULT current_timestamp(),
  `updated_at` timestamp NULL DEFAULT current_timestamp()
) ENGINE=MyISAM DEFAULT CHARSET=utf8mb4 COLLATE=utf8mb4_general_ci;

--
-- Dumping data for table `product_sales`
--

INSERT INTO `product_sales` (`id`, `product_id`, `promotion_id`, `payment_method_id`, `qty`, `total_price`, `sale_date`, `created_at`, `updated_at`) VALUES
(1, 1, 8, 2, 4, 200, '2025-08-05', '2025-08-06 17:10:35', '2025-08-06 17:10:35'),
(2, 3, 7, 6, 3, 81, '2025-08-04', '2025-08-06 17:10:35', '2025-08-06 17:10:35'),
(3, 3, 3, 8, 5, 125, '2025-08-03', '2025-08-06 17:10:35', '2025-08-06 17:10:35'),
(4, 1, 8, 4, 2, 144, '2025-08-02', '2025-08-06 17:10:35', '2025-08-06 17:10:35'),
(5, 3, 2, 9, 4, 196, '2025-08-01', '2025-08-06 17:10:35', '2025-08-06 17:10:35'),
(6, 6, 7, 9, 5, 360, '2025-07-31', '2025-08-06 17:10:35', '2025-08-06 17:10:35'),
(7, 1, 6, 1, 1, 24, '2025-07-30', '2025-08-06 17:10:35', '2025-08-06 17:10:35'),
(8, 10, 2, 3, 4, 340, '2025-07-29', '2025-08-06 17:10:35', '2025-08-06 17:10:35'),
(9, 6, 2, 9, 4, 296, '2025-07-28', '2025-08-06 17:10:35', '2025-08-06 17:10:35'),
(10, 10, 9, 7, 2, 122, '2025-07-27', '2025-08-06 17:10:35', '2025-08-06 17:10:35'),
(11, 2, 10, 5, 4, 172, '2025-08-05', '2025-08-06 17:13:45', '2025-08-06 17:13:45'),
(12, 4, 7, 8, 5, 390, '2025-08-04', '2025-08-06 17:13:45', '2025-08-06 17:13:45'),
(13, 6, 5, 2, 2, 140, '2025-08-03', '2025-08-06 17:13:45', '2025-08-06 17:13:45'),
(14, 6, 10, 2, 1, 43, '2025-08-02', '2025-08-06 17:13:45', '2025-08-06 17:13:45'),
(15, 9, 3, 9, 5, 190, '2025-08-01', '2025-08-06 17:13:45', '2025-08-06 17:13:45'),
(16, 6, 3, 7, 5, 245, '2025-07-31', '2025-08-06 17:13:45', '2025-08-06 17:13:45'),
(17, 6, 2, 3, 4, 156, '2025-07-30', '2025-08-06 17:13:45', '2025-08-06 17:13:45'),
(18, 8, 5, 1, 2, 76, '2025-07-29', '2025-08-06 17:13:45', '2025-08-06 17:13:45'),
(19, 4, 4, 3, 3, 261, '2025-07-28', '2025-08-06 17:13:45', '2025-08-06 17:13:45'),
(20, 6, 6, 9, 1, 45, '2025-07-27', '2025-08-06 17:13:45', '2025-08-06 17:13:45'),
(21, 17, NULL, 1, 3, 48000, '2025-08-08', '2025-08-07 04:02:08', '2025-08-07 04:02:08'),
(22, 12, 13, 1, 2, 43200, '2025-08-22', '2025-08-07 04:53:43', '2025-08-07 04:53:43'),
(23, 15, NULL, 1, 4, 160000, '2025-08-07', '2025-08-07 08:27:00', '2025-08-07 08:27:00'),
(24, 28, 14, 2, 2, 12000, '2025-08-10', '2025-08-10 16:57:07', '2025-08-10 16:57:07'),
(25, 23, 14, 1, 1, 12000, '2025-08-14', '2025-08-12 04:43:47', '2025-08-12 04:43:47'),
(26, 39, 14, 1, 2, 67200, '2025-08-13', '2025-08-12 18:17:17', '2025-08-12 18:17:17'),
(27, 17, 14, 1, 2, 25600, '2025-08-13', '2025-08-12 18:52:16', '2025-08-12 18:52:16'),
(28, 17, 14, 1, 2, 25600, '2025-08-13', '2025-08-12 18:55:09', '2025-08-12 18:55:09'),
(29, 37, 14, 1, 2, 84000, '2025-08-13', '2025-08-12 18:56:27', '2025-08-12 18:56:27'),
(30, 16, 14, 7, 1, 24000, '2025-08-13', '2025-08-12 19:01:26', '2025-08-12 19:01:26'),
(31, 25, NULL, 1, 3, 45000, '2025-03-12', '2025-08-12 20:54:03', '2025-08-12 20:54:03'),
(32, 25, NULL, 1, 3, 45000, '2025-03-12', '2025-08-12 20:55:31', '2025-08-12 20:55:31'),
(33, 16, 14, 1, 3, 72000, '2025-08-14', '2025-08-13 18:57:55', '2025-08-13 18:57:55'),
(34, 32, 14, 1, 2, 16000, '2025-08-14', '2025-08-14 01:11:03', '2025-08-14 01:11:03');

-- --------------------------------------------------------

--
-- Table structure for table `promotions`
--

CREATE TABLE `promotions` (
  `id` int(11) NOT NULL,
  `package_name` varchar(200) NOT NULL,
  `percentage` decimal(10,0) NOT NULL,
  `description` text DEFAULT NULL,
  `start_date` datetime DEFAULT NULL,
  `end_date` datetime DEFAULT NULL
) ENGINE=MyISAM DEFAULT CHARSET=utf8mb4 COLLATE=utf8mb4_general_ci;

--
-- Dumping data for table `promotions`
--

INSERT INTO `promotions` (`id`, `package_name`, `percentage`, `description`, `start_date`, `end_date`) VALUES
(14, 'မိုးရာသီအထူးပရိုမိုးရှင်း', 20, 'မိမိကြိုက်နှစ်သက်ရာ service ကိုရွေးချယ်၍လုပ်နိုင်ပါသည်။', '2025-08-01 00:00:00', '2025-08-31 00:00:00');

-- --------------------------------------------------------

--
-- Table structure for table `services`
--

CREATE TABLE `services` (
  `id` int(11) NOT NULL,
  `category_id` int(11) DEFAULT NULL,
  `name` varchar(100) NOT NULL,
  `description` text DEFAULT NULL,
  `price` int(11) NOT NULL,
  `time` int(11) NOT NULL,
  `image` varchar(200) DEFAULT NULL,
  `created_at` timestamp NULL DEFAULT current_timestamp(),
  `updated_at` timestamp NULL DEFAULT current_timestamp()
) ENGINE=MyISAM DEFAULT CHARSET=utf8mb4 COLLATE=utf8mb4_general_ci;

--
-- Dumping data for table `services`
--

INSERT INTO `services` (`id`, `category_id`, `name`, `description`, `price`, `time`, `image`, `created_at`, `updated_at`) VALUES
(13, 1, 'တစ်ကိုယ်လုံးနှိပ်လျော်', 'စိတ်တိုင်းကျတစ်ကိုယ်လုံးနှိပ်ပေးပါသည်။', 15000, 20, '1754539126_IMG_6506-2-scaled-500x643.jpg', '2025-08-07 03:58:46', '2025-08-07 03:58:46'),
(12, 1, 'အပေါ်ပိုင်းနှိပ်လျော်', 'သန့်ရှင်းမှု၊သပ်ရပ်မှုနှင့် စိတ်တိုင်းကျနှိပ်ပေးပါသည်။', 12000, 15, '1754539051_IMG_6521-scaled.jpg', '2025-08-07 03:57:31', '2025-08-07 03:57:31'),
(11, 1, 'ရိုးရိုးလျှော်', 'စျေးနှုန်းသက်သာစွာဖြင့်လျှော်ပေးပါသည်။', 7000, 20, '1754538899_Hair Wash.jpg', '2025-08-07 03:54:59', '2025-08-07 03:54:59'),
(14, 2, 'လျှော်ညှပ်(အတို)', 'သေချာစွာလျှော်ပေးပြီး မျက်နှာပုံစံနှင့်လိုက်ဖက်အောင်ညှပ်ပေးပါသည်။', 8000, 15, '1754542927_306541459_5246819955415338_4388667415773229263_n-500x643.jpeg', '2025-08-07 05:02:07', '2025-08-07 05:02:07'),
(15, 2, 'လျှော်ညှပ်(အရှည်)', 'ဆံပင်အရွယ်အစားနှင့်သင့်လျော်သော shampoo ဖြင့်လျော်ပေးခြင်း၊ဆံကေသာတောက်ပြောင်စေရန်အဖျားအရှည်များကိုသေသပ်စွာညှ‌ပ်ပေးပါသည်။', 12000, 25, '1754543098_download.jfif', '2025-08-07 05:04:58', '2025-08-07 05:04:58'),
(16, 3, 'Rebounding(ပုခုံးမထိ)', 'ဆံပင်အထူအပါးအခြေအနေကိုမှန်ကန်စွာသုံးသပ်ပြီး သက်တောင့်သက်သာဖြင့် ဆံသားကိုတည်ငြိမ်လှပအောင်ပြုပြင်ပေးသည်။', 78000, 60, '1754543319_rebounding1-500x643.jpg', '2025-08-07 05:08:39', '2025-08-07 05:08:39'),
(17, 3, 'Rebounding(ကျောလယ်)', 'မူလဆံပင်အခြေအနေပေါ်မူတည်ပြီး လှပသေသပ်စွာဆောင်ရွက်ပေးပါသည်။', 98000, 60, '1754543447_images (1).jfif', '2025-08-07 05:10:47', '2025-08-07 05:10:47'),
(18, 3, 'Rebounding(အရှည်)', 'တောက်ပြောင်ပြီးဖြောင့်စင်းသောဆံပင်ရှည်လှပမှုကိုရရှိနိုင်သည်။', 128000, 60, '1754543533_download.jfif', '2025-08-07 05:12:13', '2025-08-07 05:12:13'),
(19, 4, 'ဆံပင်ဖြောင့်(ပုခုံးမထိ)', 'ဆံသားကိုပျက်စီးမှုနဲအောင် ဖြောင့်စေသောနည်းဖြင့်ပြုလုပ်ပေးသည်။', 78000, 60, '1754543642_rebounding1-500x643.jpg', '2025-08-07 05:14:02', '2025-08-07 05:14:02'),
(20, 4, 'ဆံပင်ဖြောင့်(ကျောလယ်)', 'သဘာဝအတိုင်း တောက်ပြောင်သောဆံပင်ကိုရရှိစေပါသည်။', 98000, 60, '1754543755_images (1).jfif', '2025-08-07 05:15:55', '2025-08-07 05:15:55'),
(21, 4, 'ဆံပင်ဖြောင့်(အရှည်)', 'တောက်ပြောင်ပြီးဖြောင့်စင်းသောဆံပင်ရှည်လှပမှုကိုရရှိနိုင်သည်။', 128000, 60, '1754543927_download (1).jfif', '2025-08-07 05:18:47', '2025-08-07 05:18:47'),
(22, 5, 'digital (အတို)', 'ဆံပင်အတိုပိုင်ရှင်များအတွက်ဖက်ရှင်ကျပြီး ပြုစုရလွယ်ကူသော curly look ရချင်သူများအတွက်သင့်လျော်သည်။', 58000, 60, '1754544053_download (2).jfif', '2025-08-07 05:20:53', '2025-08-07 05:20:53'),
(23, 5, 'digital (ကျောလယ်)', 'digital permသည် ရေချိုးပြီးသည့်အချိန်လဲပုံမပျက်ရှိနေပြီး ကျောလယ်အရှည်ရှိသောသူများအတွက် တစ်နေ့တာအလှအပကို ထိန်းသိမ်းစေနိုင်သည်။', 98000, 60, '1754544198_download (9).jfif', '2025-08-07 05:23:18', '2025-08-07 05:23:18'),
(24, 5, 'digital (အရှည်)', 'ဆံပင်အရှည်ကို သဘာဝကျကျလှပသော အကောက်များဖန်တီးပေးသည်။', 128000, 60, '1754544314_images (6).jfif', '2025-08-07 05:25:14', '2025-08-07 05:25:14'),
(25, 5, 'Cool (အတို)', 'ပေါ့ပေါ့ပါးပါးနှင့်စမတ်ကျချင်သူများအတွက်သင့်တော်သည်။', 58000, 60, '1754544486_download (10).jfif', '2025-08-07 05:28:06', '2025-08-07 05:28:06'),
(26, 5, 'Cool(ကျောလယ်)', 'သဘာဝလှပပြီးပေါ့ပါးသော modern lookတစ်ခုကိုဖန်တီးပေးနိုင်သည်။', 98000, 60, '1754544659_download (3).jfif', '2025-08-07 05:30:59', '2025-08-07 05:30:59'),
(27, 5, 'Cool (အရှည်)', 'မျက်နှာပုံစံအမျိုးမျိုးနှင့်ကိုက်ညီပြီး ပွဲတက် အတွက် သင့်လျော်ပါသည်။', 128000, 60, '1754544856_download (12).jfif', '2025-08-07 05:34:16', '2025-08-07 05:34:16'),
(28, 6, 'ရိုးရိုးကာလာ( ပခုံးမထိ )', 'မိမိအသားအရည်နှင့်လိုက်ဖက်သောအရောင်ကိုရွေးချယ်နိုင်ပါသည်။', 68000, 45, '1754544963_306541459_5246819955415338_4388667415773229263_n-500x643.jpeg', '2025-08-07 05:36:03', '2025-08-07 05:36:03'),
(29, 6, 'ရိုးရိုးကာလာ( ကျောလယ်)', 'လှပအောင် စိတ်တိုင်းကျဖန်တီးပေးပါသည်။', 78000, 45, '1754545055_images.jfif', '2025-08-07 05:37:35', '2025-08-07 05:37:35'),
(30, 6, 'ရိုးရိုးကာလာ( အရှည်)', 'ဆံပင်အရှည်အတွက် ညီညာစွာဆိုးပေးသော ဝန်ဆောင်မှုဖြစ်ပါသည်။', 98000, 45, '1754545152_download.jfif', '2025-08-07 05:39:12', '2025-08-07 05:39:12'),
(31, 6, 'Crazy Color or Highlight( ပခုံးမထိ)', 'မိမိစိတ်ကြိုက် ဆိုးချင်သောအရောင်ကိုစိတ်တိုင်းကျဆိုးပေးပါသည်။', 120000, 45, '1754545375_306541459_5246819955415338_4388667415773229263_n-500x643.jpeg', '2025-08-07 05:42:55', '2025-08-07 05:42:55'),
(32, 6, 'Crazy Color or Highlight( ကျောလယ်)', 'ဆံပင်ကိုထူးခြားလှပအောင်ပြင်ဆင်ပေးပါသည်။', 150000, 45, '1754548477_images (2).jfif', '2025-08-07 06:34:37', '2025-08-07 06:34:37'),
(34, 6, 'Crazy Color or Highlight( အရှည်)', 'ဆံပင်အရှည်များအတွက်ထင်ရှားပေါ်လွင်အောင်ဖန်တီးပေးပါသည်။', 200000, 45, '1754548656_images (6).jfif', '2025-08-07 06:37:36', '2025-08-07 06:37:36'),
(35, 7, 'လက်သည်း(cleaning၊ဂျယ်ဆိုး)', '၂ပတ် ၃ပတ်ခံပြီးမဖျက်ခင်အထိအရောင်မပြောင်းပါ။', 12000, 30, '1754548798_download (8).jfif', '2025-08-07 06:39:58', '2025-08-07 06:39:58'),
(36, 7, 'လက်သည်းဆက်ခြင်း', 'သဘာဝလက်သည်းအတိုရှိသူများ၊ပုံစံမညီသူများအတွက်သင့်လျော်ပြီးရိုးရိုးလက်သည်းထက်ပိုမိုတောက်ပြောင်ပြီးဖက်ရှင်ကျမှုကိုရရှိနိုင်သည်။', 18000, 30, '1754548940_455e4820618b3ee7a30bc7185d2bb60d.jpg', '2025-08-07 06:42:20', '2025-08-07 06:42:20'),
(37, 7, 'လက်သည်း(အတုကပ်)', 'အချိန်တိုအတွင်းလှပသော လက်သည်းပုံစံများရရှိနိုင်သည်။', 10000, 25, '1754549033_3a10fb7c768b76a4eb702429cde590c4.jpg', '2025-08-07 06:43:53', '2025-08-07 06:43:53'),
(38, 7, 'လက်သည်း(3D ပုံစံ)', 'ပန်း၊လိပ်ပြာ၊ပုလဲစသည်ဖြင့်ဒီဇိုင်းအမျိုးမျိုးဖြင့် လှပအောင်ပုံဖော်ထားပြီး ပွဲတက်၊အလှဓာတ်ပုံရိုက်ရန်သင့်တော်ပါသည်။', 20000, 30, '1754549194_b4dc3d3ed839d44e07a5d6ba51df2792.jpg', '2025-08-07 06:46:34', '2025-08-07 06:46:34'),
(39, 7, 'လက်သည်း(အဖြူအစရာနှင့်elegantရောင်ခြယ်ခြင်း)', 'လက်သည်းအတိုင်းအတာနှင့်ကို်ညီအောင်ဖန်တီးပေးပြီးရိုးရှင်းသော်လည်းချစ်စရာကောင်းမှုနှင့်သက်တောင့်သက်သာရှိသော look ကိုရစေသည်။', 18000, 25, '1754549403_9-Elegant-French-Tip-Nail-Designs.jpg', '2025-08-07 06:50:03', '2025-08-07 06:50:03'),
(41, 8, 'မျက်နှာcleansing', 'သေချာဆေးကြောသန့်စင်ပေးပါသည်။', 30000, 45, '1755352424_IMG_6769-scaled.jpg', '2025-08-16 13:53:44', '2025-08-16 13:53:44'),
(42, 8, 'မျက်နှာရေဓာတ်ဖြည့်', 'မျက်နှာကိုရေဓာတ်ပြည့်ဝပြီးစိုပြေကြည်လင်စေသည်။', 50000, 45, '1755352535_IMG_6777-scaled.jpg', '2025-08-16 13:55:35', '2025-08-16 13:55:35'),
(43, 8, 'ဝက်ခြံကုသတစ်ကြိမ်', 'ဝက်ခြံများကိုသေချာကုသပေးပါသည်။', 70000, 45, '1755352746_download (18).jfif', '2025-08-16 13:59:06', '2025-08-16 13:59:06'),
(44, 8, 'အရေးအကြောင်းထိန်းသိမ်းကုသ', 'အရေးအကြောင်းများကိုသေချာပျောက်ကင်းအောင်ကုသပေးသည်။', 80000, 45, '1755353084_images (8).jfif', '2025-08-16 14:04:44', '2025-08-16 14:04:44'),
(45, 8, 'လည်ပင်းပေါင်း', 'လည်ပင်းကိုသေချာပေါင်းတင်ပေးပါသည်။', 30000, 45, '1755353288_download (19).jfif', '2025-08-16 14:08:08', '2025-08-16 14:08:08'),
(46, 8, 'တင်းတိတ်ကုသတစ်ကြိမ်', 'တင်းတိတ်များကိုပျောက်ကင်းအောင်ကုသပေးသည်။', 50000, 60, '1755353417_IMG_6769-scaled.jpg', '2025-08-16 14:10:17', '2025-08-16 14:10:17'),
(47, 9, 'မျက်ခုံးမွှေးတက်တူး(အမျှင်ဒီဇိုင်း)', 'သေချာလှပအောင်ပြုလုပ်ပေးသည်။', 200000, 60, '1755353744_IMG_0564-scaled.jpg', '2025-08-16 14:15:44', '2025-08-16 14:15:44'),
(48, 9, 'မျက်ခုံးမွှေးတက်တူး(အမှုန့်ဒီဇိုင်း)', 'လှပအောင်သေချာပြုလုပ်ပေးသည်။', 200000, 60, '1755353887_download (20).jfif', '2025-08-16 14:18:07', '2025-08-16 14:18:07'),
(49, 9, 'Lip tattoo', 'နှုတ်ခမ်းကိုမဖူး၊မယောင်အောင်ပြုလုပ်ပေးသည်။', 150000, 60, '1755354004_352267940_1008085977302712_6151410144920327769_n-500x643.jpeg', '2025-08-16 14:20:04', '2025-08-16 14:20:04'),
(50, 9, 'Eyeliner Tattoo', 'သဘာဝအတိုင်းလှပအောင်ပြုလုပ်ပေးသည်။', 100000, 60, '1755354086_IMG_6569-500x643.jpg', '2025-08-16 14:21:26', '2025-08-16 14:21:26'),
(51, 9, 'မျက်တောင်ဆက် / မျက်တောင်ကောက်', 'သဘာဝအတိုင်းလှပအောင်ပုံဖော်ပေးသည်။', 50000, 45, '1755354193_IMG_6887-500x643.jpg', '2025-08-16 14:23:13', '2025-08-16 14:23:13');

-- --------------------------------------------------------

--
-- Table structure for table `service_categories`
--

CREATE TABLE `service_categories` (
  `id` int(11) NOT NULL,
  `name` varchar(100) NOT NULL,
  `created_at` timestamp NULL DEFAULT current_timestamp(),
  `updated_at` timestamp NULL DEFAULT current_timestamp(),
  `image` text NOT NULL
) ENGINE=MyISAM DEFAULT CHARSET=utf8mb4 COLLATE=utf8mb4_general_ci;

--
-- Dumping data for table `service_categories`
--

INSERT INTO `service_categories` (`id`, `name`, `created_at`, `updated_at`, `image`) VALUES
(1, 'ခေါင်းလျော်', '2025-08-06 17:13:45', '2025-08-06 17:13:45', 'photo_2025-08-12_02-12-08.jpg'),
(2, 'လျှော်ညှပ်', '2025-08-06 17:13:45', '2025-08-06 17:13:45', 'photo_2025-08-12_02-16-04.jpg'),
(3, 'Rebounding', '2025-08-06 17:13:45', '2025-08-06 17:13:45', 'photo_2025-08-12_02-12-08 (2).jpg'),
(4, 'ဆံပင်ဖြောင့်', '2025-08-06 17:13:45', '2025-08-06 17:13:45', 'photo_2025-08-12_02-12-08 (4).jpg'),
(5, 'ဆံပင်ကောက်', '2025-08-06 17:13:45', '2025-08-06 17:13:45', 'photo_2025-08-12_02-12-08 (3).jpg'),
(6, 'ဆံပင်ဆေးဆိုး', '2025-08-06 17:13:45', '2025-08-06 17:13:45', 'photo_2025-08-12_02-12-08 (2).jpg'),
(7, 'လက်သည်းပုံဖော်ခြင်းများ', '2025-08-06 17:13:45', '2025-08-06 17:13:45', 'photo_2025-08-12_02-18-14.jpg'),
(8, 'မျက်နှာအသားအရေကုသမှု', '2025-08-16 13:50:55', '2025-08-16 13:50:55', '1755352535_IMG_6777-scaled.jpg'),
(9, 'တက်တူး & မျက်တောင်ဆံ', '2025-08-16 14:12:30', '2025-08-16 14:12:30', '1755353887_download (20).jfif');

-- --------------------------------------------------------

--
-- Table structure for table `staff_availability`
--

CREATE TABLE `staff_availability` (
  `id` int(11) NOT NULL,
  `staff_id` int(11) NOT NULL,
  `day_of_week` enum('monday','tuesday','wednesday','thursday','friday','saturday','sunday') NOT NULL,
  `start_time` time NOT NULL,
  `end_time` time NOT NULL,
  `is_available` tinyint(1) DEFAULT 1,
  `created_at` timestamp NULL DEFAULT current_timestamp(),
  `updated_at` timestamp NULL DEFAULT current_timestamp()
) ENGINE=MyISAM DEFAULT CHARSET=utf8mb4 COLLATE=utf8mb4_general_ci;

-- --------------------------------------------------------

--
-- Table structure for table `staff_unavailable_times`
--

CREATE TABLE `staff_unavailable_times` (
  `id` int(11) NOT NULL,
  `staff_id` int(11) NOT NULL,
  `unavailable_date` date NOT NULL,
  `unavailable_time` time NOT NULL,
  `reason` text DEFAULT NULL,
  `created_at` timestamp NULL DEFAULT current_timestamp(),
  `updated_at` timestamp NULL DEFAULT current_timestamp()
) ENGINE=MyISAM DEFAULT CHARSET=utf8mb4 COLLATE=utf8mb4_general_ci;

-- --------------------------------------------------------

--
-- Table structure for table `users`
--

CREATE TABLE `users` (
  `id` int(11) NOT NULL,
  `name` varchar(100) NOT NULL,
  `email` varchar(100) DEFAULT NULL,
  `password` varchar(200) NOT NULL,
  `role` enum('admin','staff','customer') NOT NULL,
  `image` varchar(200) DEFAULT NULL,
  `description` text DEFAULT NULL,
  `phone` varchar(50) NOT NULL,
  `position` varchar(200) DEFAULT NULL,
  `salary` int(11) DEFAULT NULL,
  `gender` enum('male','female') NOT NULL,
  `created_at` timestamp NULL DEFAULT current_timestamp(),
  `updated_at` timestamp NULL DEFAULT current_timestamp()
) ENGINE=MyISAM DEFAULT CHARSET=utf8mb4 COLLATE=utf8mb4_general_ci;

--
-- Dumping data for table `users`
--

INSERT INTO `users` (`id`, `name`, `email`, `password`, `role`, `image`, `description`, `phone`, `position`, `salary`, `gender`, `created_at`, `updated_at`) VALUES
(1, 'Admin', 'admin@gmail.com', '5f4dcc3b5aa765d61d8327deb882cf99', 'admin', '1754498875_profile.jpg', NULL, '09457688317', 'Admin', 400000, 'female', '2025-08-06 16:47:55', '2025-08-06 16:47:55'),
(2, 'ဇာဇာ', 'zar@gmail.com', '5f4dcc3b5aa765d61d8327deb882cf99', 'staff', '1754499054_4-scaled-e1742023067663-500x600.jpg', 'ဆံပင်လျှော်ပြီး နှိပ်ပေးရာတွင် ဖောက်သည်၏ဆံပင်နှင့်ဦးရေပြားခေါင်းအခြေအနေကို ဂရုစိုက်ကာ နူးညံ့စွာ နှိပ်နယ်ပေးပြီး စိတ်အပန်းဖြေနိုင်မှုကိုပေးနိုင်သော Stylist များဖြစ်သည်။\n', '09457688314', 'ခေါင်းလျှော်', 300000, 'female', '2025-08-06 16:50:54', '2025-08-06 16:50:54'),
(65, 'ထွေးရီ', 'htweyee@gmail.com', '5f4dcc3b5aa765d61d8327deb882cf99', 'customer', NULL, NULL, '09434526785', NULL, NULL, 'female', '2025-08-13 15:23:30', '2025-08-13 15:23:30'),
(19, 'နိုရာ', 'nora@gmail.com', '5f4dcc3b5aa765d61d8327deb882cf99', 'staff', '1754536436_၈-scaled-e1742368213790-500x600.jpg', 'လက်သည်းပိုင်းဝန်ဆောင်မှုတွင် ဖောက်သည်၏အလှအပနှင့် ကျန်းမာရေးကို ဦးစားပေးကာ အသေးစိတ်ဂရုစိုက်ပြီး ခေတ်မှီသည့် ဒီဇိုင်းများနှင့် သင့်တော်သော လက်သည်းသန့်ရှင်းရေး ဝန်ဆောင်မှုများ ပေးနိုင်သည့် Stylist များဖြစ်သည်။\n\n', '09671680901', 'လက်သည်းပြင်ဆရာမ', 300000, 'female', '2025-08-07 03:13:56', '2025-08-07 03:13:56'),
(17, 'နွေးနွေး', 'nway@gmail.com', '5f4dcc3b5aa765d61d8327deb882cf99', 'staff', '1754535650_7-1-scaled-e1742021964212-500x600.jpg', 'လက်သည်းပိုင်းဝန်ဆောင်မှုတွင် ဖောက်သည်၏အလှအပနှင့် ကျန်းမာရေးကို ဦးစားပေးကာ အသေးစိတ်ဂရုစိုက်ပြီး ခေတ်မှီသည့် ဒီဇိုင်းများနှင့် သင့်တော်သော လက်သည်းသန့်ရှင်းရေး ဝန်ဆောင်မှုများ ပေးနိုင်သည့် Stylist များဖြစ်သည်။\n\n', '09668852876', 'လက်သည်းပြင်ဆရာမ', 300000, 'female', '2025-08-07 03:00:50', '2025-08-07 03:00:50'),
(36, 'ထက်ထက်', 'htethtet@gmail.com', '5f4dcc3b5aa765d61d8327deb882cf99', 'staff', '1754797790_aa.png', 'ဆံပင်ဆေးဆိုးကို ကျွမ်းကျင်စွာ ပြုပြင်ပေးနိုင်ပြီး ဆံပင်ကျန်းမာရေးကို ထိရောက်စွာထိန်းသိမ်းပေးသော Stylistဖြစ်သည်။', '09665265108', 'ဆံပင်ညှပ်,ဆေးဆိုး', 500000, 'female', '2025-08-10 03:49:50', '2025-08-10 03:49:50'),
(60, 'သဲသဲ', 'thae@gmail.com', 'ec9a10d0241d9050b11b76e96f7070ef', 'customer', NULL, NULL, '09469823588', NULL, NULL, 'female', '2025-08-13 04:18:52', '2025-08-13 04:18:52'),
(63, 'ဖူးဖူး', 'phuephue@gmail.com', 'ec9a10d0241d9050b11b76e96f7070ef', 'customer', NULL, NULL, '09654784236', NULL, NULL, 'female', '2025-08-13 04:41:02', '2025-08-13 04:41:02'),
(64, 'သီတာ', 'thidar@gmail.com', 'ec9a10d0241d9050b11b76e96f7070ef', 'customer', NULL, NULL, '09668852876', NULL, NULL, 'female', '2025-08-13 05:08:59', '2025-08-13 05:08:59'),
(29, 'နိုနို', 'nono@gmail.com', '5f4dcc3b5aa765d61d8327deb882cf99', 'staff', '1754757752_Designer1.jpg', 'ဆံပင်အကောက်နှင့် ဖောက်သည်လိုအပ်ချက်အတိုင်း သက်ဆိုင်ရာနည်းပညာများဖြင့် ထိရောက်စွာ ပြုပြင်ပေးနိုင်သော Stylist ဖြစ်သည်။\n\n', '09671560369', 'ဆံပင်ညှပ်,ကောက်', 500000, 'female', '2025-08-09 16:42:32', '2025-08-09 16:42:32'),
(30, 'စုစု', 'susu@gmail.com', '5f4dcc3b5aa765d61d8327deb882cf99', 'staff', '1754757865_photo_2025-03-10-09.51.32-500x600 (1).jpeg', 'ဆံပင်‌ဖြောင့်ရာတွင် ကျွမ်းကျင်ပြီး ဖောက်သည်၏လိုအပ်ချက်နှင့် ကိုက်ညီသည့် နည်းလမ်းဖြင့် သဘာဝကျပြီး ထူးခြားသော စတိုင်လ်များ ဖန်တီးပေးနိုင်သော Stylist ဖြစ်သည်။\n\n', '09687453219', 'ဆံပင်ညှပ်,ဖြောင့်', 500000, 'female', '2025-08-09 16:44:25', '2025-08-09 16:44:25'),
(59, 'ဇူးဇူး', 'zuzu@gmail.com', 'ec9a10d0241d9050b11b76e96f7070ef', 'customer', NULL, NULL, '09458645663', NULL, NULL, 'female', '2025-08-13 04:11:37', '2025-08-13 04:11:37'),
(31, 'ဖြူဖြူ', 'phyu@gmail.com', '5f4dcc3b5aa765d61d8327deb882cf99', 'staff', '1754757981_306541459_5246819955415338_4388667415773229263_n-500x643.jpeg', 'ဆံပင် Rebounding ကို ကျွမ်းကျင်စွာ လုပ်ဆောင်နိုင်ပြီး ဆံပင်ထိခိုက်မှုကို လျော့နည်းစေသော Stylist ဖြစ်သည်။\n\n', '09426752184', 'ဆံပင်ညှပ် , Rebound', 500000, 'female', '2025-08-09 16:46:21', '2025-08-09 16:46:21'),
(80, 'မျိုးမျိုး', 'myo@gmail.com', 'ec9a10d0241d9050b11b76e96f7070ef', 'customer', NULL, NULL, '09644229055', NULL, NULL, 'female', '2025-08-21 10:58:14', '2025-08-21 10:58:14'),
(73, 'ထွေးရီ', 'htwe@gmail.com', 'ec9a10d0241d9050b11b76e96f7070ef', 'customer', NULL, NULL, '09668852876', NULL, NULL, 'female', '2025-08-14 01:44:00', '2025-08-14 01:44:00'),
(74, 'နုနု', 'nunu@gmail.com', 'ec9a10d0241d9050b11b76e96f7070ef', 'customer', NULL, NULL, '09668852876', NULL, NULL, 'female', '2025-08-14 07:24:55', '2025-08-14 07:24:55'),
(75, 'ဝေဝေ', 'waiwai@gmail.com', 'ec9a10d0241d9050b11b76e96f7070ef', 'customer', NULL, NULL, '09469823588', NULL, NULL, 'female', '2025-08-14 07:39:41', '2025-08-14 07:39:41'),
(76, 'Aye Aye', 'aye@gmail.com', 'ec9a10d0241d9050b11b76e96f7070ef', 'customer', NULL, NULL, '09457688315', NULL, NULL, 'female', '2025-08-20 12:11:45', '2025-08-20 12:11:45'),
(77, 'ဖူးဖူး', 'phue@gmail.com', 'ec9a10d0241d9050b11b76e96f7070ef', 'customer', NULL, NULL, '09668852876', NULL, NULL, 'female', '2025-08-21 10:26:32', '2025-08-21 10:26:32'),
(79, 'အိမွန်', 'eimon@gmail.com', 'ec9a10d0241d9050b11b76e96f7070ef', 'customer', NULL, NULL, '09671680901', NULL, NULL, 'female', '2025-08-21 10:55:59', '2025-08-21 10:55:59'),
(67, 'အေးအေး', 'ayeaye@gmail.com', '5f4dcc3b5aa765d61d8327deb882cf99', 'staff', '1755101512_9-500x600.png', 'ဆံပင်လျှော်ပြီး နှိပ်ပေးရာတွင် ဖောက်သည်၏ဆံပင်နှင့်ဦးရေပြားခေါင်းအခြေအနေကို ဂရုစိုက်ကာ နူးညံ့စွာ နှိပ်နယ်ပေးပြီး စိတ်အပန်းဖြေနိုင်မှုကိုပေးနိုင်သော Stylist များဖြစ်သည်။', '09645228987', 'ခေါင်းလျှော်', 300000, 'female', '2025-08-13 16:11:52', '2025-08-13 16:11:52');

--
-- Indexes for dumped tables
--

--
-- Indexes for table `appointments`
--
ALTER TABLE `appointments`
  ADD PRIMARY KEY (`id`),
  ADD KEY `customer_id` (`customer_id`),
  ADD KEY `service_id` (`service_id`),
  ADD KEY `staff_id` (`staff_id`);

--
-- Indexes for table `payments`
--
ALTER TABLE `payments`
  ADD PRIMARY KEY (`id`),
  ADD KEY `promotion_id` (`promotion_id`),
  ADD KEY `appointment_id` (`appointment_id`),
  ADD KEY `payment_method_id` (`payment_method_id`);

--
-- Indexes for table `payment_method`
--
ALTER TABLE `payment_method`
  ADD PRIMARY KEY (`id`);

--
-- Indexes for table `products`
--
ALTER TABLE `products`
  ADD PRIMARY KEY (`id`),
  ADD KEY `category_id` (`category_id`);

--
-- Indexes for table `product_categories`
--
ALTER TABLE `product_categories`
  ADD PRIMARY KEY (`id`);

--
-- Indexes for table `product_qty`
--
ALTER TABLE `product_qty`
  ADD PRIMARY KEY (`id`),
  ADD KEY `product_id` (`product_id`);

--
-- Indexes for table `product_sales`
--
ALTER TABLE `product_sales`
  ADD PRIMARY KEY (`id`),
  ADD KEY `product_id` (`product_id`),
  ADD KEY `promotion_id` (`promotion_id`),
  ADD KEY `payment_method_id` (`payment_method_id`);

--
-- Indexes for table `promotions`
--
ALTER TABLE `promotions`
  ADD PRIMARY KEY (`id`);

--
-- Indexes for table `services`
--
ALTER TABLE `services`
  ADD PRIMARY KEY (`id`),
  ADD KEY `category_id` (`category_id`);

--
-- Indexes for table `service_categories`
--
ALTER TABLE `service_categories`
  ADD PRIMARY KEY (`id`);

--
-- Indexes for table `staff_availability`
--
ALTER TABLE `staff_availability`
  ADD PRIMARY KEY (`id`),
  ADD UNIQUE KEY `unique_staff_day` (`staff_id`,`day_of_week`);

--
-- Indexes for table `staff_unavailable_times`
--
ALTER TABLE `staff_unavailable_times`
  ADD PRIMARY KEY (`id`),
  ADD UNIQUE KEY `unique_staff_datetime` (`staff_id`,`unavailable_date`,`unavailable_time`);

--
-- Indexes for table `users`
--
ALTER TABLE `users`
  ADD PRIMARY KEY (`id`),
  ADD UNIQUE KEY `email` (`email`);

--
-- AUTO_INCREMENT for dumped tables
--

--
-- AUTO_INCREMENT for table `appointments`
--
ALTER TABLE `appointments`
  MODIFY `id` int(11) NOT NULL AUTO_INCREMENT, AUTO_INCREMENT=131;

--
-- AUTO_INCREMENT for table `payments`
--
ALTER TABLE `payments`
  MODIFY `id` int(11) NOT NULL AUTO_INCREMENT, AUTO_INCREMENT=69;

--
-- AUTO_INCREMENT for table `payment_method`
--
ALTER TABLE `payment_method`
  MODIFY `id` int(11) NOT NULL AUTO_INCREMENT, AUTO_INCREMENT=11;

--
-- AUTO_INCREMENT for table `products`
--
ALTER TABLE `products`
  MODIFY `id` int(11) NOT NULL AUTO_INCREMENT, AUTO_INCREMENT=45;

--
-- AUTO_INCREMENT for table `product_categories`
--
ALTER TABLE `product_categories`
  MODIFY `id` int(11) NOT NULL AUTO_INCREMENT, AUTO_INCREMENT=11;

--
-- AUTO_INCREMENT for table `product_qty`
--
ALTER TABLE `product_qty`
  MODIFY `id` int(11) NOT NULL AUTO_INCREMENT, AUTO_INCREMENT=55;

--
-- AUTO_INCREMENT for table `product_sales`
--
ALTER TABLE `product_sales`
  MODIFY `id` int(11) NOT NULL AUTO_INCREMENT, AUTO_INCREMENT=35;

--
-- AUTO_INCREMENT for table `promotions`
--
ALTER TABLE `promotions`
  MODIFY `id` int(11) NOT NULL AUTO_INCREMENT, AUTO_INCREMENT=15;

--
-- AUTO_INCREMENT for table `services`
--
ALTER TABLE `services`
  MODIFY `id` int(11) NOT NULL AUTO_INCREMENT, AUTO_INCREMENT=55;

--
-- AUTO_INCREMENT for table `service_categories`
--
ALTER TABLE `service_categories`
  MODIFY `id` int(11) NOT NULL AUTO_INCREMENT, AUTO_INCREMENT=13;

--
-- AUTO_INCREMENT for table `staff_availability`
--
ALTER TABLE `staff_availability`
  MODIFY `id` int(11) NOT NULL AUTO_INCREMENT;

--
-- AUTO_INCREMENT for table `staff_unavailable_times`
--
ALTER TABLE `staff_unavailable_times`
  MODIFY `id` int(11) NOT NULL AUTO_INCREMENT;

--
-- AUTO_INCREMENT for table `users`
--
ALTER TABLE `users`
  MODIFY `id` int(11) NOT NULL AUTO_INCREMENT, AUTO_INCREMENT=81;
COMMIT;

/*!40101 SET CHARACTER_SET_CLIENT=@OLD_CHARACTER_SET_CLIENT */;
/*!40101 SET CHARACTER_SET_RESULTS=@OLD_CHARACTER_SET_RESULTS */;
/*!40101 SET COLLATION_CONNECTION=@OLD_COLLATION_CONNECTION */;
